CREATE DATABASE bd_coronel;

CREATE TABLE CUSTOMER (
    CUS_CODE INT PRIMARY KEY,
    CUS_LNAME VARCHAR(30),
    CUS_FNAME VARCHAR(30),
    CUS_INITIAL CHAR(1),
    CUS_AREACODE INT,
    CUS_PHONE VARCHAR(8),
    CUS_BALANCE DECIMAL(10,2)
);
INSERT INTO CUSTOMER (CUS_CODE, CUS_LNAME, CUS_FNAME, CUS_INITIAL, CUS_AREACODE, CUS_PHONE, CUS_BALANCE) VALUES
(10010, 'Ramos', 'Alfred', 'A', '615', '844-2573', 0.00),
(10011, 'Dunne', 'Leona', 'K', '713', '894-1230', 0.00),
(10012, 'Smith', 'Kathy', 'W', '615', '894-2285', 345.86),
(10013, 'Ortega', 'Paul', 'F', '615', '894-2180', 536.75),
(10014, 'Orlando', 'Myron', NULL, '615', '222-1672', 0.00),
(10015, 'O’Brien', 'Amy', 'B', '713', '442-3381', 0.00),
(10016, 'Brown', 'James', 'G', '615', '297-1220', 221.19),
(10017, 'Williams', 'George', NULL, '615', '290-2586', 768.93),
(10018, 'Farris', 'Anne', 'O', '713', '382-7185', 216.55),
(10019, 'Smith', 'Olette', 'K', '615', '297-3809', 0.00);
SELECT * FROM CUSTOMER

CREATE TABLE INVOICE (
    INV_NUMBER INT PRIMARY KEY,
    CUS_CODE INT,
    INV_DATE DATE
);
INSERT INTO INVOICE (INV_NUMBER, CUS_CODE, INV_DATE) VALUES
(1001, 10014, '2008-03-16'),
(1002, 10011, '2008-03-16'),
(1003, 10012, '2008-03-16'),
(1004, 10011, '2008-03-17'),
(1005, 10018, '2008-03-17'),
(1006, 10014, '2008-03-17'),
(1007, 10015, '2008-03-17'),
(1008, 10011, '2008-03-17');
SELECT * FROM INVOICE;


CREATE TABLE LINE (
    INV_NUMBER INT,
    LINE_NUMBER INT,
    P_CODE VARCHAR(20),
    LINE_UNITS INT,
    LINE_PRICE DECIMAL(10,2),
    PRIMARY KEY (INV_NUMBER, LINE_NUMBER),
    FOREIGN KEY (INV_NUMBER) REFERENCES INVOICE(INV_NUMBER)
);
INSERT INTO LINE (INV_NUMBER, LINE_NUMBER, P_CODE, LINE_UNITS, LINE_PRICE) VALUES
(1001, 1, '13-Q2/P2', 1, 14.99),
(1001, 2, '23109-HB', 1, 9.95),

(1002, 1, '54778-2T', 2, 4.99),

(1003, 1, '2238/QPD', 1, 38.95),
(1003, 2, '1546-QQ2', 1, 39.95),
(1003, 3, '13-Q2/P2', 5, 14.99),

(1004, 1, '54778-2T', 3, 4.99),
(1004, 2, '23109-HB', 2, 9.95),

(1005, 1, 'PVC23DRT', 12, 5.87),

(1006, 1, 'SM-18277', 3, 6.99),
(1006, 2, '2238/QPD', 1, 109.92),
(1006, 3, '23109-HB', 1, 9.95),
(1006, 4, '89-WRE-Q', 1, 256.99),

(1007, 1, '13-Q2/P2', 2, 14.99),
(1007, 2, '54778-2T', 1, 4.99),

(1008, 1, 'PVC23DRT', 5, 5.87),
(1008, 2, 'WR3/TT3', 3, 119.95),
(1008, 3, '23109-HB', 1, 9.95);
SELECT * FROM LINE;

CREATE TABLE PRODUCT (
    P_CODE VARCHAR(20) PRIMARY KEY,
    P_DESCRIPT VARCHAR(100),
    P_INDATE DATE,
    P_QOH INT,
    P_MIN INT,
    P_PRICE DECIMAL(10,2),
    P_DISCOUNT DECIMAL(5,2),
    V_CODE INT,
    FOREIGN KEY (V_CODE) REFERENCES VENDOR(V_CODE)
);
INSERT INTO PRODUCT (P_CODE, P_DESCRIPT, P_INDATE, P_QOH, P_MIN, P_PRICE, P_DISCOUNT, V_CODE) VALUES
('11QER/31', 'Power painter, 15 psi, 3-nozzle', '2007-11-03', 8, 5, 109.99, 0.00, 25595),

('13-Q2/P2', '7.25-in. pwr. saw blade', '2007-12-13', 32, 15, 14.99, 0.05, 21344),

('14-Q1/L3', '8.00-in. pwr. saw blade', '2007-11-13', 18, 12, 17.49, 0.00, 21344),

('1546-QQ2', 'Hrd. cloth, 1/4-in., 2x50', '2008-01-15', 15, 8, 39.95, 0.00, 23119),

('1558-QW1', 'Hrd. cloth, 1/8-in., 3x50', '2008-01-15', 23, 5, 43.99, 0.00, 23119),

('2232/QTY', 'B&D jigsaw, 12-in. blade', '2007-12-30', 8, 5, 109.92, 0.05, 24288),

('2232/QWE', 'B&D jigsaw, 8-in. blade', '2007-12-24', 6, 5, 99.87, 0.05, 24288),

('2238/QPD', 'B&D cordless drill, 1/2-in.', '2008-01-20', 12, 5, 38.95, 0.05, 25595),

('23109-HB', 'Claw hammer', '2008-01-20', 23, 10, 9.95, 0.10, 21225),

('29114-AA', 'Sledge hammer, 12 lb.', '2008-01-02', 8, 5, 14.40, 0.05, NULL),

('54778-2T', 'Rat-tail file, 1/8-in. fine', '2007-12-15', 43, 20, 4.99, 0.00, 21344),

('89-WRE-Q', 'Hicut chain saw, 16 in.', '2008-02-07', 11, 5, 256.99, 0.05, 24288),

('PVC23DRT', 'PVC pipe, 3.5-in., 8-ft', '2008-02-20', 188, 75, 5.87, 0.00, NULL),

('SM-18277', '1.25-in. metal screw, 25', '2008-05-01', 172, 75, 6.99, 0.00, 21225),

('SW-23116', '2.5-in. wd screw, 50', '2008-02-24', 237, 100, 8.45, 0.00, 21231),

('WR3/TT3', 'Steel matting, 4x8x1/16, 5 mesh', '2008-01-17', 18, 5, 119.95, 0.10, 25595);



CREATE TABLE VENDOR (
    V_CODE INT PRIMARY KEY,
    V_NAME VARCHAR(100) NOT NULL,
    V_CONTACT VARCHAR(50),
    V_AREACODE CHAR(3),
    V_PHONE VARCHAR(10),
    V_STATE CHAR(2),
    V_ORDER CHAR(1) CHECK (V_ORDER IN ('Y', 'N'))
);
INSERT INTO VENDOR (V_CODE, V_NAME, V_CONTACT, V_AREACODE, V_PHONE, V_STATE, V_ORDER) VALUES
(21225, 'Bryson, Inc.', 'Smithson', '615', '223-3234', 'TN', 'Y'),
(21226, 'Superloo, Inc.', 'Flushing', '904', '215-8995', 'FL', 'N'),
(21231, 'D&E Supply', 'Singh', '615', '228-3245', 'TN', 'Y'),
(21344, 'Gomez Bros.', 'Ortega', '615', '889-2548', 'KY', 'N'),
(22567, 'Dome Supply', 'Smith', '901', '678-1419', 'GA', 'N'),
(23119, 'Randsets Ltd.', 'Anderson', '901', '678-3998', 'GA', 'Y'),
(24004, 'Brackman Bros.', 'Browning', '615', '228-1410', 'TN', 'N'),
(24288, 'ORDVA, Inc.', 'Hakford', '615', '889-1234', 'TN', 'Y'),
(25443, 'B&K, Inc.', 'Smith', '904', '227-0093', 'FL', 'N'),
(25501, 'Davis Supplies', 'Smythe', '615', '890-3529', 'TN', 'N'),
(25595, 'Rubicon Systems', 'Orton', '904', '456-0092', 'FL', 'Y');